{
    "n": 13134,
    "rg_mode": 0.932,
    "rg_hpdi(50%)": [
        0.907,
        0.9560000000000001
    ],
    "rg_hpdi(95%)": [
        0.85,
        0.994
    ],
    "rg=1_pval": 0.03892761147564149
}