{
    "n": 13096,
    "rg_mode": 0.982,
    "rg_hpdi(50%)": [
        0.9560000000000001,
        1.0
    ],
    "rg_hpdi(95%)": [
        0.868,
        1.0
    ],
    "rg=1_pval": 0.691423017579839
}